title,imdb_rating
My Next Guest with David Letterman and Shah Rukh Khan,9.2
No Longer kids,9.0
C/o Kancharapalem,9.0
David Attenborough: A Life on Our Planet,9.0
Natsamrat,9.0
Bye Bye London,9.0
The Dark Knight,9.0
Rubaru Roshni,8.9
Inception,8.8
A Lion in the House,8.7
Bill Hicks: Relentless,8.6
"Best Wishes, Warmest Regards: A Schitt's Creek Farewell",8.6
Bill Hicks: Revelations,8.6
K. D.,8.6
Ani... Dr. Kashinath Ghanekar,8.6
Merku Thodarchi Malai,8.6
Madness in the Desert,8.6
Emicida: AmarElo - It's All for Yesterday,8.6
Ben Platt: Live from Radio City Music Hall,8.5
Hikaru Utada Laughter in the Dark Tour 2018,8.5
Roll with Me,8.5
Louis C.K.: Hilarious,8.5
Visaranai,8.5
Mallesham,8.5
True: Happy Hearts Day,8.5
The Intouchables,8.5
No Direction Home: Bob Dylan,8.5
True: Wuzzle Wegg Day,8.5
Oththa Seruppu Size 7,8.5
Bo Burnham: What.,8.5
The Departed,8.5
Black Friday,8.5
Springsteen On Broadway,8.5
Untamed Romania,8.5
Tim Minchin and the Heritage Orchestra: Live at the Royal Albert Hall,8.5
Dave Chappelle: Sticks & Stones,8.5
Rush: Beyond The Lighted Stage,8.4
Bill Burr: I'm Sorry You Feel That Way,8.4
Harishchandrachi Factory,8.4
Bo Burnham: Make Happy,8.4
Winter on Fire: Ukraine's Fight for Freedom,8.4
Dangal,8.4
Django Unchained,8.4
Our Planet: Behind The Scenes,8.4
Taylor Swift: Reputation Stadium Tour,8.4
Qismat,8.4
Bill Hicks: Sane Man,8.4
Andhadhun,8.3
13th,8.3
Cuba and the Cameraman,8.3
Shawn Mendes: Wonder,8.3
The Three Deaths of Marisela Escobedo,8.3
Super Deluxe,8.3
A Truthful Mother,8.3
Kiss the Ground,8.3
A Clockwork Orange,8.3
Bill Burr: You People Are All The Same,8.3
My Octopus Teacher,8.3
Cowspiracy: The Sustainability Secret,8.3
Dancing with the Birds,8.3
Hasan Minhaj: Homecoming King,8.3
Luciano Mellera: Puerile,8.3
Hannah Gadsby: Nanette,8.3
The Witness Who Didn't See Anything,8.3
Whispers,8.3
Love Ni Bhavai,8.3
John Mulaney: New in Town,8.3
Rang De Basanti,8.2
Monty Python and the Holy Grail,8.2
Miracle in Cell No. 7,8.2
Dave Chappelle: Equanimity,8.2
Richard Pryor: Live in Concert,8.2
Bāhubali 2: The Conclusion,8.2
Shutter Island,8.2
There Will Be Blood,8.2
Cycle,8.2
Bhai - Vyakti ki Valli,8.2
Virunga,8.2
Pan's Labyrinth,8.2
Batman Begins,8.2
Eddie Murphy: Delirious,8.2
Sudani from Nigeria,8.2
Paan Singh Tomar,8.2
Zindagi Na Milegi Dobara,8.2
Care Of Kaadhal,8.2
Swades,8.2
The Land,8.2
Talvar,8.2
Andaz Apna Apna,8.2
The Blue Elephant Part 2,8.2
Article 15,8.2
Klaus,8.2
Old Thieves: The Legend of Artegio,8.2
Queen,8.2
Disclosure,8.2
Drishyam,8.2
Bill Burr: Paper Tiger,8.2
Hombanna,8.2
Udaan,8.2
Bill Hicks: One Night Stand,8.2
Taxi Driver,8.2
Barfi!,8.1
Hole in the Wall,8.1
My Little Pony: Best Gift Ever,8.1
A Billion Colour Story,8.1
Spotlight,8.1
The Legend of Bhagat Singh,8.1
The Dawn Wall,8.1
The Gospel of Matthew,8.1
Cool Hand Luke,8.1
Monty Python: Parrot Sketch Not Included,8.1
The Invisible Guest,8.1
Shonar Pahar,8.1
PK,8.1
Dil Chahta Hai,8.1
Jim Jefferies: Bare,8.1
"River, el Más Grande Siempre",8.1
Neon Genesis Evangelion: The End of Evangelion,8.1
Blackfish,8.1
OMG: Oh My God!,8.1
Into the Wild,8.1
Tim Minchin: So F**king Rock Live,8.1
Kahaani,8.1
Gardeners of Eden,8.1
Haider,8.1
Sebastian Maniscalco: What's Wrong with People?,8.1
Pink,8.1
The Square,8.1
Rising Phoenix,8.1
Life of Brian,8.1
El testigo: Caín y Abel,8.1
Platoon,8.1
A Silent Voice,8.1
Chasing Coral,8.1
Sillu Karupatti,8.1
Dev.D,8.0
Uyare,8.0
The Gospel of Mark,8.0
John Mulaney: Kid Gorgeous at Radio City,8.0
Struggle: The Life and Lost Art of Szukalski,8.0
Jeff Dunham: Arguing with Myself,8.0
Beyond All Boundaries,8.0
Angamaly Diaries,8.0
Ricky Gervais: Humanity,8.0
The Help,8.0
Armed to the Teeth,8.0
Ip Man,8.0
Underdogs,8.0
Uppity: The Willy T. Ribbs Story,8.0
Mike Birbiglia: My Girlfriend's Boyfriend,8.0
Manusangada,8.0
The Perks of Being a Wallflower,8.0
I Am Kalam,8.0
LeapFrog: The Letter Factory,8.0
Fiddler on the Roof,8.0
Black Hole Apocalypse,8.0
Muramba,8.0
Ankhon Dekhi,8.0
Dances with Wolves,8.0
John Mulaney: The Comeback Kid,8.0
Rabun,8.0
Special 26,8.0
Bāhubali: The Beginning,8.0
Jim Gaffigan: Beyond the Pale,8.0
Rain Man,8.0
Cristina,8.0
Manu,8.0
Attacking the Devil: Harold Evans and the Last Nazi War Crime,8.0
"Take the Ball, Pass the Ball",8.0
Sorry For Disturbing,8.0
Casino Royale,8.0
A Plastic Ocean,8.0
The Battered Bastards of Baseball,8.0
Kal Ho Naa Ho,8.0
The Trailer Park Boys Xmas Special,8.0
The Pursuit of Happyness,8.0
A Very Special Drew,8.0
The Silence of Others,8.0
Birth Reborn,8.0
The Married Couples,8.0
Icarus,7.9
Trailer Park Boys: Say Goodnight to the Bad Guys,7.9
Night on Earth: Shot in the Dark,7.9
Bittersweet,7.9
The Book of Sun,7.9
Ee Nagaraniki Emaindi,7.9
The Irishman,7.9
I Am Not Your Negro,7.9
Hunt for the Wilderpeople,7.9
Hazaaron Khwaishein Aisi,7.9
The Artist,7.9
The Game Changers,7.9
Mission Blue,7.9
Jab We Met,7.9
The Ivory Game,7.9
The Death of Mr. Lazarescu,7.9
Nightcrawler,7.9
Uma Maheswara Ugra Roopasya,7.9
Lakshya,7.9
If Anything Happens I Love You,7.9
Killa,7.9
Berserk: The Golden Age Arc III - The Advent,7.9
Louis C.K.: Live at The Comedy Store,7.9
SunGanges,7.9
Neal Brennan: 3 Mics,7.9
Jerry Seinfeld: I'm Telling You for the Last Time,7.9
A Secret Love,7.9
Monty Python Live at the Hollywood Bowl,7.9
Monty Python: Live at Aspen,7.9
Hannah Gadsby: Douglas,7.9
Marriage Story,7.9
Captain Fantastic,7.9
Salam - The First ****** Nobel Laureate,7.9
Ari Eldjárn: Pardon My Icelandic,7.9
Pad Man,7.9
Unchained: The Untold Story of Freestyle Motocross,7.9
Crip Camp: A Disability Revolution,7.8
Cemara's Family,7.8
How to Train Your Dragon 2,7.8
Tom Segura: Completely Normal,7.8
Judah Friedlander: America Is the Greatest Country in the United States,7.8
Awe!,7.8
Badla,7.8
Jim Gaffigan: King Baby,7.8
The Pixar Story,7.8
The Show Must Go On: The Queen + Adam Lambert Story,7.8
Udta Punjab,7.8
About Time,7.8
Jim Gaffigan: Mr. Universe,7.8
Kabhi Haan Kabhi Naa,7.8
Secret Superstar,7.8
Anthony Jeselnik: Thoughts and Prayers,7.8
"Nick Kroll & John Mulaney: Oh, Hello on Broadway",7.8
Gangaajal,7.8
Aziz Ansari: Right Now,7.8
Seven Sundays,7.8
Justin Timberlake + The Tennessee Kids,7.8
Bonnie and Clyde,7.8
Todo lo que sería Lucas Lauriente,7.8
What's Eating Gilbert Grape,7.8
Blanche Gardin: I Talk to Myself,7.8
The Gospel of John,7.8
Hamid,7.8
Vir Das: For India,7.8
Surga yang Tak Dirindukan,7.8
89,7.8
Marco Polo: One Hundred Eyes,7.8
System Crasher,7.8
Jim Jefferies: Freedumb,7.8
Lal Pathar,7.8
2215,7.8
You Are My Sunday,7.8
The Trial of the Chicago 7,7.8
The Hateful Eight,7.8
Saladin the Victorious,7.8
The Girl with the Dragon Tattoo,7.8
Berserk: The Golden Age Arc II - The Battle for Doldrey,7.8
Let It Fall: Los Angeles 1982-1992,7.8
Bhai - Vyakti Ki Valli 2 Uttarardha,7.8
Minnaminungu The Firefly,7.8
In This Corner of the World,7.8
Derren Brown: Miracles for Sale,7.8
BlackRose,7.8
Betty White: First Lady of Television,7.8
Dhh,7.8
Ser Tão Velho Cerrado,7.7
HiGH&LOW The Movie 3: Final Mission,7.7
Operation Odessa,7.7
Madras Cafe,7.7
Bert Kreischer: The Machine,7.7
Kung Fu Hustle,7.7
Agneepath,7.7
Road to Roma,7.7
Sir,7.7
The Theory of Everything,7.7
Inuyasha the Movie 3: Swords of an Honorable Ruler,7.7
Undefeated,7.7
The Meaning of Monty Python,7.7
The Social Network,7.7
The Bleeding Edge,7.7
One Day,7.7
Kai Po Che!,7.7
Training Day,7.7
Katt Williams: The Pimp Chronicles Pt. 1,7.7
Kannum Kannum Kollaiyadithaal,7.7
Budhia Singh: Born to Run,7.7
Iyore,7.7
Mike Birbiglia: The New One,7.7
Kevin Hart: I'm a Grown Little Man,7.7
Cake,7.7
Walt Disney Animation Studios Short Films Collection,7.7
The 36th Chamber of Shaolin,7.7
Last Breath,7.7
Aamir,7.7
Invisible Essence: The Little Prince,7.7
Kapoor & Sons,7.7
Mumbai Meri Jaan,7.7
Enter the Dragon,7.7
Bending the Arc,7.7
Brothers,7.7
Islands of Faith,7.7
Eddie Murphy Raw,7.7
I See You,7.7
Guru,7.7
Sur Sapata,7.7
Beasts of No Nation,7.7
Human Nature,7.7
Lupin the Third: The Castle of Cagliostro,7.7
"Isa Pa, with Feelings",7.7
"Jim & Andy: The Great Beyond- Featuring a Very Special, Contractually Obligated Mention of Tony Clifton",7.7
Oye Lucky! Lucky Oye!,7.7
Fire in the Blood,7.7
Rock On!!,7.7
Roma,7.7
Nacido en Siria,7.7
Oprah Winfrey Presents: When They See Us Now,7.7
Kartini: Princess of Java,7.7
Heaven Without People,7.7
Sanju,7.7
The Butterfly's Dream,7.7
Ayana,7.7
The Little Prince,7.7
Monty Python Live (Mostly),7.7
West Beirut,7.7
Qlimax - The Source,7.6
Jim Gaffigan: Obsessed,7.6
Fate of Alakada,7.6
Elena,7.6
Monty Python: The Meaning of Live,7.6
Do Dooni Chaar,7.6
Kuch Kuch Hota Hai,7.6
Tom Segura: Mostly Stories,7.6
It's Fine,7.6
The Naked Gun: From the Files of Police Squad!,7.6
A Sun,7.6
"Colin Quinn: Red State, Blue State",7.6
Njan Prakashan,7.6
Who Am I,7.6
Rolling Thunder Revue: A Bob Dylan Story by Martin Scorsese,7.6
On Body and Soul,7.6
The Florida Project,7.6
The Sky Is Pink,7.6
Franca: Chaos and Creation,7.6
Superbad,7.6
The Two Popes,7.6
Spitfire,7.6
Les Misérables,7.6
Wake Up Sid,7.6
Ludo,7.6
In My Country,7.6
Hey Arnold! The Jungle Movie,7.6
The Untold Tales of Armistead Maupin,7.6
Kevin Hart: Seriously Funny,7.6
Manorama Six Feet Under,7.6
Parmanu: The Story of Pokhran,7.6
Bhavesh Joshi Superhero,7.6
A Grand Night In: The Story of Aardman,7.6
The Social Dilemma,7.6
A Twelve-Year Night,7.6
Mango Dreams,7.6
The Beginning of Life,7.6
I Am Divine,7.6
Vaya,7.6
Mucize,7.6
Mersal,7.6
A Single Man,7.6
Habibie & Ainun,7.6
Being Elmo: A Puppeteer's Journey,7.6
Highway,7.6
Athlete A,7.6
Dil Se..,7.6
Mike Birbiglia: What I Should Have Said Was Nothing,7.6
Jodhaa Akbar,7.6
Love You to the Stars and Back,7.6
Tom Segura: Disgraceful,7.6
For the Love of Spock,7.6
Sherlock Holmes,7.6
The Fear of 13,7.6
Rocks,7.6
Kappela,7.6
Stree,7.6
What the F* Is Going On?,7.6
The Boy Who Harnessed the Wind,7.6
The House of Flowers Presents: The Funeral,7.6
White Christmas,7.6
Bad Genius,7.6
Samantaral,7.6
The C Word,7.6
Andhaghaaram,7.6
Nate Bargatze: The Tennessee Kid,7.6
Berserk: The Golden Age Arc I - The Egg of the King,7.6
National Lampoon's Christmas Vacation,7.6
Dear Zindagi,7.6
Rhys Nicholson: Live at the Athenaeum,7.6
Yeh Ballet,7.6
Stardust,7.6
Louis C.K. 2017,7.6
Adam Sandler: 100% Fresh,7.6
Why Me?,7.6
Brené Brown: The Call to Courage,7.6
"What Happened, Miss Simone?",7.6
Ip Man 2,7.5
Total Recall,7.5
The Rolling Stones: Olé Olé Olé! – A Trip Across Latin America,7.5
Aggretsuko: We Wish You a Metal Christmas,7.5
Neon Genesis Evangelion: Death and Rebirth,7.5
Kuchh Bheege Alfaaz,7.5
Best Worst Thing That Ever Could Have Happened...,7.5
Hugo,7.5
Secret,7.5
The Garden of Words,7.5
Heneral Luna,7.5
Pick of the Litter,7.5
Money Heist: The Phenomenon,7.5
Born to Be Free,7.5
A Monster Calls,7.5
Scott Pilgrim vs. the World,7.5
Mike Birbiglia: Thank God for Jokes,7.5
Wadjda,7.5
That Thing Called Tadhana,7.5
John Leguizamo's Latin History for Morons,7.5
Jeff Dunham: Jeff Dunham's Very Special Christmas Special,7.5
The Blue Umbrella,7.5
Asees,7.5
U Turn,7.5
Carlos Almaraz: Playing With Fire,7.5
Burning,7.5
Taramani,7.5
Jeff Dunham: Controlled Chaos,7.5
Hum Aapke Hain Koun..!,7.5
Happy as Lazzaro,7.5
Bareilly's Barfi,7.5
Miracle,7.5
The Conjuring,7.5
Hitler: A Career,7.5
Love for Sale,7.5
Nocturnal Animals,7.5
Clive Davis: The Soundtrack of Our Lives,7.5
Joe Rogan: Triggered,7.5
Santa Claws,7.5
Seth Meyers: Lobby Baby,7.5
Transformer,7.5
Sarah's Key,7.5
Gabriel Iglesias: I'm Sorry for What I Said When I Was Hungry,7.5
Eddie: Strongman,7.5
Ali Wong: Baby Cobra,7.5
Invader ZIM: Enter the Florpus,7.5
Prosecuting Evil: The Extraordinary World of Ben Ferencz,7.5
"Waiting for ""Superman""",7.5
ZZ Top: That Little Ol' Band From Texas,7.5
Ne Zha,7.5
Homecoming: A Film by Beyoncé,7.5
SuckSeed,7.5
The Distinguished Citizen,7.5
The Grizzlies,7.5
Jim Jefferies: This Is Me Now,7.4
Miles Davis: Birth of the Cool,7.4
Fire in Paradise,7.4
Garfunkel and Oates: Trying to be Special,7.4
Us and Them,7.4
A Bridge Too Far,7.4
Maktub,7.4
Ghadi,7.4
The Guernsey Literary & Potato Peel Pie Society,7.4
3 Seconds Divorce,7.4
Miss Americana,7.4
Molly's Game,7.4
Love and Shukla,7.4
Numero Zero: The Roots of Italian Rap,7.4
Mud,7.4
Everybody's Everything,7.4
Mudbound,7.4
Eeb Allay Ooo!,7.4
Soorma,7.4
Sad Hill Unearthed,7.4
Kabhi Khushi Kabhie Gham,7.4
Inuyasha the Movie 4: Fire on the Mystic Island,7.4
1000 Mabrouk,7.4
Pek Yakında,7.4
Tig,7.4
Socha Na Tha,7.4
Ali Wong: Hard Knock Wife,7.4
Satan & Adam,7.4
Freedom at Midnight,7.4
Dear Ex,7.4
Reversing Roe,7.4
From One Second to the Next,7.4
Life in a Metro,7.4
Joan Didion: The Center Will Not Hold,7.4
Magic Carpet Ride,7.4
They'll Love Me When I'm Dead,7.4
The Present,7.4
Long Shot,7.4
Amandla! A Revolution in Four-Part Harmony,7.4
Trailer Park Boys: Countdown to Liquor Day,7.4
Judge Singh LLB,7.4
Marc Maron: Thinky Pain,7.4
Denis Leary: No Cure for Cancer,7.4
Komola Rocket,7.4
Raman Raghav 2.0,7.4
Alexandria… Why?,7.4
Ronny Chieng: Asian Comedian Destroys America!,7.4
Chillar Party,7.4
Guzaarish,7.4
Period. End of Sentence.,7.4
John & Yoko: Above Us Only Sky,7.4
Mo Amer: The Vagabond,7.4
Kaminey,7.4
Howards End,7.4
Even the Rain,7.4
Bleach the Movie: Hell Verse,7.4
Bogda,7.4
Palm Trees in the Snow,7.4
Demetri Martin: Live (At The Time),7.4
Donald Glover: Weirdo,7.4
Forgotten,7.4
"Crazy, Stupid, Love.",7.4
Ricardo Quevedo: Los amargados somos más,7.4
Mard Ko Dard Nahi Hota,7.4
Can't Complain,7.4
The 100 Years Show,7.4
Three Words to Forever,7.4
The Trader,7.4
Nate Bargatze: The Greatest Average American,7.4
Shirkers,7.4
One Day We'll Talk About Today,7.4
My Mother's Wound,7.4
Yuva,7.4
Bethany Hamilton: Unstoppable,7.4
American Factory,7.4
Joe Rogan: Strange Times,7.4
Lady Bird,7.4
Searching for Bobby Fischer,7.4
Get Me Roger Stone,7.4
Audrey,7.4
Violet Evergarden: Eternity and the Auto Memory Doll,7.4
The 12th Man,7.4
Born in Gaza,7.4
The Short Game,7.4
X-Large,7.3
Little Big Women,7.3
"Norm Macdonald: Hitler's Dog, Gossip & Trickery",7.3
Zach Galifianakis: Live at the Purple Onion,7.3
Capital in the Twenty-First Century,7.3
Before the Flying Circus,7.3
Ryan Hamilton: Happy Face,7.3
Bleach the Movie: Fade to Black,7.3
The Next Three Days,7.3
Blue Jay,7.3
Shot Caller,7.3
An Egyptian Story,7.3
Father Soldier Son,7.3
The Ryan White Story,7.3
The Fundamentals of Caring,7.3
Dolemite Is My Name,7.3
"Hello, Love, Goodbye",7.3
Cracked Up: The Darrell Hammond Story,7.3
My Little Pony: Equestria Girls - Forgotten Friendship,7.3
Weed the People,7.3
Pee Mak Phrakanong,7.3
BNK48: Girls Don't Cry,7.3
Tamasha,7.3
Bully,7.3
Seven Souls in the Skull Castle,7.3
Team Foxcatcher,7.3
Dolly Parton: Here I Am,7.3
Material,7.3
Extremis,7.3
Chef,7.3
Aziz Ansari: Buried Alive,7.3
ReMastered: Massacre at the Stadium,7.3
Mom,7.3
Your Name Engraved Herein,7.3
Sitara: Let Girls Dream,7.3
Quiet Victory: The Charlie Wedemeyer Story,7.3
Bill Burr: Walk Your Way Out,7.3
The Death and Life of Marsha P. Johnson,7.3
El día menos pensado,7.3
"The Other One: The Long, Strange Trip of Bob Weir",7.3
Trevor Noah: Son of Patricia,7.3
I Called Him Morgan,7.3
Shawn Mendes: Live in Concert,7.3
Jimmy Carr: The Best of Ultimate Gold Greatest Hits,7.3
The Accountant of Auschwitz,7.3
El Camino: A Breaking Bad Movie,7.3
Five Element Ninjas,7.3
The Hows of Us,7.3
37 Seconds,7.3
Growing Up Wild,7.3
"Main, Meri Patni Aur Woh",7.3
Gabriel Iglesias: One Show Fits All,7.3
David A. Arnold: Fat Ballerina,7.3
Mad World,7.3
Trixie Mattel: Moving Parts,7.3
Sky Ladder: The Art of Cai Guo-Qiang,7.3
1000 Rupee Note,7.3
Sugar High,7.3
Posesif,7.3
Maj Rati Keteki,7.3
Love Is War,7.3
Bhaji in Problem,7.3
Ishqiya,7.3
Greater,7.3
Bonne nuit Blanche,7.3
Bad Seeds,7.3
Aruna & Her Palate,7.3
The Squid and the Whale,7.3
Inuyasha the Movie: Affections Touching Across Time,7.3
Snowden,7.3
The Fluffy Movie,7.3
The Forty-Year-Old Version,7.3
Three,7.3
On My Skin,7.3
Invictus,7.3
Alejandro Sanz: What I Was Is What I Am,7.3
Pyaar Ka Punchnama 2,7.3
ReMastered: The Two Killings of Sam Cooke,7.3
Tom Segura: Ball Hog,7.3
I'm No Longer Here,7.3
Classmates Minus,7.3
Metallica: Through the Never,7.2
Jimmy Carr: Funny Business,7.2
Raising Victor Vargas,7.2
First They Killed My Father,7.2
Wanda Sykes: Not Normal,7.2
The Founder,7.2
Defiance,7.2
The Edge of Democracy,7.2
Cosmos Laundromat,7.2
Sour Apples,7.2
The King,7.2
The Massively Mixed-Up Middle School Mystery,7.2
The Patriot,7.2
The Death of Stalin,7.2
Black Mirror: Bandersnatch,7.2
War Horse,7.2
Tinker Bell and the Legend of the NeverBeast,7.2
Paddleton,7.2
Grass is Greener,7.2
Late Life: The Chien-Ming Wang Story,7.2
Jim Jefferies: Intolerant,7.2
"Yours Sincerely, Kanan Gill",7.2
My Stupid Boss,7.2
Don,7.2
"Ray Romano: Right Here, Around the Corner",7.2
Soni,7.2
Ladies First,7.2
Highly Strung,7.2
Shaitan,7.2
An Hour and a Half,7.2
Kon-Tiki,7.2
My Suicide,7.2
Berlin Calling,7.2
Norman Lear: Just Another Version of You,7.2
Michelle Wolf: Joke Show,7.2
The Croods,7.2
What Did I Mess,7.2
Dilan 1990,7.2
Everything About Her,7.2
Na Bangaaru Talli,7.2
Lucha: Playing the Impossible,7.2
Greg Davies: You Magnificent Beast,7.2
LA Originals,7.2
Patton Oswalt: Annihilation,7.2
Waiting,7.2
Iliza Shlesinger: Elder Millennial,7.2
Jo Koy: Live from Seattle,7.2
Imago,7.2
Chris Rock Total Blackout: The Tamborine Extended Cut,7.2
Private Life,7.2
Demetri Martin: The Overthinker,7.2
The Last Resort,7.2
Seventeen,7.2
Tom Papa: You're Doing Great!,7.2
Trailer Park Boys: The Movie,7.2
Marc Maron: Too Real,7.2
Toilet: A Love Story,7.2
A Fortunate Man,7.2
Mukhsin,7.2
Love in a Puff,7.2
Ittefaq,7.2
Halkaa,7.2
Uriyadi 2,7.2
Jhankaar Beats,7.2
The Perfect Dictatorship,7.2
Talaash,7.2
She's Dating the Gangster,7.2
True: Grabbleapple Harvest,7.2
The Endless Trench,7.2
Gad Elmaleh: American Dream,7.2
The White Tiger,7.2
The Lift Boy,7.2
Zion,7.2
Baxu and the Giants,7.2
The History of Future Folk,7.2
The Bridge,7.2
Patria,7.2
Naruto Shippuden the Movie: The Will of Fire,7.2
Destiny,7.2
Crazy Beautiful You,7.2
The Butler,7.2
Evvarikee Cheppoddu,7.2
Can't Help Falling in Love,7.2
Michael McIntyre: Showman,7.2
Daughter of the Lake,7.2
Forever Chape,7.2
Fyre,7.2
Rango,7.2
Ban'yuuki,7.2
Colin Quinn: Unconstitutional,7.2
Tom Papa: Live in New York City,7.2
Pieces of a Woman,7.1
Qarib Qarib Singlle,7.1
The One I Love,7.1
True: Tricky Treat Day,7.1
Sebastian Maniscalco: Stay Hungry,7.1
Operation Varsity Blues: The College Admissions Scandal,7.1
Walk Away from Love,7.1
War Dogs,7.1
"El Pepe, A Supreme Life",7.1
The Heaven None Missed 2,7.1
Handsome Devil,7.1
Saudi Arabia Uncovered,7.1
The Hater,7.1
A Kid from Coney Island,7.1
Everyday I Love You,7.1
Don 2,7.1
Luck by Chance,7.1
Aadu 2,7.1
Ma Rainey's Black Bottom,7.1
Notes on Blindness,7.1
Dance Dreams: Hot Chocolate Nutcracker,7.1
13th: A Conversation with Oprah Winfrey & Ava DuVernay,7.1
The Milk System,7.1
Kingdom of Us,7.1
Angela's Christmas,7.1
Loudon Wainwright III: Surviving Twin,7.1
Aykut Enişte,7.1
Kung Fu Panda: Secrets of the Scroll,7.1
Steel Rain,7.1
The Carter Effect,7.1
To All the Boys I've Loved Before,7.1
My Beautiful Broken Brain,7.1
One of Us,7.1
The Interview,7.1
Solo,7.1
We Are Young. We Are Strong.,7.1
Painted Faces,7.1
The Remix: Hip Hop x Fashion,7.1
The Devil All the Time,7.1
Rize,7.1
Ip Man 3,7.1
East Side Sushi,7.1
Rooting for Roona,7.1
Adam: His Song Continues,7.1
Evelyn,7.1
End Game,7.1
Mosul,7.1
The Wedding Shaman,7.1
Carlos Ballarta: El Amor es de Putos,7.1
Carlos Ballarta: Furia Ñera,7.1
Shutter,7.1
The Danish Girl,7.1
Wandering Stars,7.1
E-Team,7.1
Dedh Ishqiya,7.1
Kaabil,7.1
Octonauts & the Great Barrier Reef,7.1
The Seven Deadly Sins: Prisoners of the Sky,7.1
Aapla Manus,7.1
The Princess and the Frog,7.1
A Heavy Heart,7.1
Skin,7.1
The Unknown Known,7.1
The Gospel of Luke,7.1
The Witch: Part 1. The Subversion,7.1
Starting Over Again,7.1
The Five Venoms,7.1
Jim Gaffigan: Cinco,7.1
The Last Blockbuster,7.1
I Am Maris: Portrait of a Young Yogi,7.1
The Dig,7.1
Si Doel the Movie,7.1
Haani,7.1
Franco Escamilla: bienvenido al mundo,7.1
What We Started,7.1
Fate: The Winx Saga - The Afterparty,7.1
Professor,7.1
Gabbar Is Back,7.1
Jeff Dunham: Minding the Monsters,7.1
ReMastered: Tricky Dick & The Man in Black,7.1
Real Steel,7.1
My Masterpiece,7.1
Game Over,7.1
Ave Maryam,7.1
Ho Mann Jahaan,7.1
Sakaling Maging Tayo,7.1
Duniya,7.1
Steve Martin and Martin Short: An Evening You Will Forget for the Rest of Your Life,7.1
Keith Richards: Under the Influence,7.1
Riphagen The Untouchable,7.1
Girl,7.1
Tune in for Love,7.1
Vir Das: Losing It,7.1
Joshua: Teenager vs. Superpower,7.1
Circus of Books,7.1
Shéhérazade,7.1
Angela's Christmas Wish,7.1
Remember Me,7.1
Tread,7.1
Dukhtar,7.0
Dr Jason Leong: Hashtag Blessed,7.0
Under the Bombs,7.0
The Night Comes for Us,7.0
Quién te cantará,7.0
Chelsea Peretti: One of the Greats,7.0
Naruto Shippuden the Movie: The Lost Tower,7.0
When Hari Got Married,7.0
Dil,7.0
The Great Hack,7.0
Verses of Love,7.0
American Honey,7.0
Julie & Julia,7.0
A Family Affair,7.0
Unbreakable Kimmy Schmidt: Kimmy vs. the Reverend,7.0
The Sapphires,7.0
Paradise Lost,7.0
Ip Man 4: The Finale,7.0
Naruto Shippuden the Movie: Bonds,7.0
Dragons: Dawn Of The Dragon Racers,7.0
Elevator Baby,7.0
Beat Bugs: All Together Now,7.0
"Ram Dass, Going Home",7.0
Los Tigres del Norte at Folsom Prison,7.0
Main Hoon Na,7.0
Buddy Thunderstruck: The Maybe Pile,7.0
True: Winter Wishes,7.0
Rose Island,7.0
Jonaki,7.0
Ride Like a Girl,7.0
Abdullah : The Final Witness,7.0
ParaNorman,7.0
Rainbow Jelly,7.0
Whisky,7.0
Hunterrr,7.0
ReMastered: Devil at the Crossroads,7.0
The African Doctor,7.0
Den of Thieves,7.0
The Dirt,7.0
Katherine Ryan: In Trouble,7.0
Grandmaster,7.0
Soul Surfer,7.0
Pelé,7.0
The Christmas Chronicles,7.0
Party Monster: Scratching the Surface,7.0
Song for Marion,7.0
Carmen Sandiego: To Steal or Not to Steal,7.0
Lavell Crawford: Can a Brother Get Some Love?,7.0
Chameli,7.0
Studio 54,7.0
Loving,7.0
Safety Not Guaranteed,7.0
Feminists: What Were They Thinking?,7.0
I Am Jonas,7.0
Thottappan,7.0
Resurface,7.0
Beyond the Clouds,7.0
The Lonely Island Presents: The Unauthorized Bash Brothers Experience,7.0
Axone,7.0
Made You Look: A True Story About Fake Art,7.0
Mirai,7.0
Fisherman’s Friends,7.0
Ninjago: Masters of Spinjitzu - Day of the Departed,7.0
Chaman Bahar,7.0
Rocko's Modern Life: Static Cling,7.0
The Killing of a Sacred Deer,7.0
Jerry Before Seinfeld,7.0
ReMastered: The Miami Showband Massacre,7.0
And Breathe Normally,6.9
I'm Leaving Now,6.9
The Half of It,6.9
Carbon,6.9
2 States,6.9
Go! Go! Cory Carson: The Chrissy,6.9
The Resistance Banker,6.9
Ghost of the Mountains,6.9
Maria Bamford: The Special Special Special!,6.9
Under the Shadow,6.9
Love on Delivery,6.9
ReMastered: Who Shot the Sheriff,6.9
The Meyerowitz Stories (New and Selected),6.9
M8 - When Death Rescues Life,6.9
Love for Sale 2,6.9
Shubh Aarambh,6.9
Get on Up,6.9
Funan,6.9
Jagat,6.9
A Shaun the Sheep Movie: Farmageddon,6.9
Free State of Jones,6.9
XV Beyond the Tryline,6.9
Mitt,6.9
Black '47,6.9
Bwakaw,6.9
Good Hair,6.9
What Happened to Monday,6.9
Welcome to Sajjanpur,6.9
Suffragette,6.9
#FriendButMarried,6.9
Disconnect,6.9
Cops and Robbers,6.9
Shaun the Sheep: The Farmer's Llamas,6.9
A Love Song for Latasha,6.9
Too Handsome To Handle,6.9
Welcome,6.9
Biggie: I Got a Story to Tell,6.9
Kill the Messenger,6.9
Vir Das: Outside in - The Lockdown Special,6.9
ReMastered: The Lion's Share,6.9
Our Souls at Night,6.9
Summer of '92,6.9
Franco Escamilla: For the Anecdote,6.9
Deon Cole: Cole Hearted,6.9
The Climb,6.9
Si Doel the Movie 2,6.9
Calm with Horses,6.9
Varane Avashyamund,6.9
Vir Das: Abroad Understanding,6.9
We the Animals,6.9
Voulez-vous rire avec moi ce soir?,6.9
Too Young The Hero,6.9
Unexpectedly Yours,6.9
"Sincerely Yours, Dhaka",6.9
Being Mrs Elliot,6.9
"Justice, My Foot!",6.9
The Violin Player,6.9
Ali's Wedding,6.9
Tarek's Situation,6.9
Dil Dhadakne Do,6.9
The Wolf's Call,6.9
Christine,6.9
Amanda Knox,6.9
Liar's Dice,6.9
Eve's Apple,6.9
Cloudy with a Chance of Meatballs,6.9
Fukrey,6.9
Naruto Shippuden the Movie,6.9
I Don't Feel at Home in This World Anymore,6.9
Jack Whitehall: At Large,6.9
Deewana,6.9
A Ghost Story,6.9
Echo in the Canyon,6.9
Bhasmasur,6.9
Sunday's Illness,6.9
Seeing Allred,6.9
The Royal Bengal Tiger,6.9
Legend,6.9
Super Monsters Back to School,6.9
Smoke & Mirrors,6.9
Gad Gone Wild,6.9
The Claudia Kishi Club,6.9
Creating The Queen's Gambit,6.9
Phir Hera Pheri,6.9
Straight Up,6.8
Hate by Dani Rovira,6.8
She's Gotta Have It,6.8
Aval,6.8
Singham,6.8
Roberto Saviano: Writing Under Police Protection,6.8
Always Be My Maybe,6.8
DTC -Yukemuri Junjou Hen- from HiGH & LOW,6.8
D.L. Hughley: Clear,6.8
Talentime,6.8
Alone/Together,6.8
Planet Hulk,6.8
40 Sticks,6.8
Unknown,6.8
22 July,6.8
The Life Ahead,6.8
Saving Capitalism,6.8
Ballerina,6.8
Have a Good Trip: Adventures in Psychedelics,6.8
Mercury 13,6.8
La Pena Máxima,6.8
Tony Parker: The Final Shot,6.8
The Boys in the Band,6.8
Thiago Ventura: POKAS,6.8
Patton Oswalt: Talking for Clapping,6.8
Iliza Shlesinger: Freezing Hot,6.8
Hook,6.8
Jeff Dunham: Beside Himself,6.8
Abducted in Plain Sight,6.8
Our Godfather,6.8
Heroin(e),6.8
#FriendButMarried 2,6.8
Pachamama,6.8
El Sendero de la Anaconda,6.8
Thomas e Seus Amigos - A Locomotiva Real,6.8
Moshe Kasher: Live in Oakland,6.8
Chalay Thay Saath,6.8
A Life of Speed: The Juan Manuel Fangio Story,6.8
Andre and His Olive Tree,6.8
I Am,6.8
Agustín Aristarán: Soy Rada,6.8
The Student,6.8
Beast Stalker,6.8
Kicking and Screaming,6.8
Don't Crack Under Pressure II,6.8
El Mago Pop,6.8
Mary and the Witch's Flower,6.8
Must Be... Love,6.8
Giving Voice,6.8
7 Años,6.8
For the Birds,6.8
Tony Manero,6.8
Lu Over the Wall,6.8
Lens,6.8
All in My Family,6.8
Nothing to Hide,6.8
Tenacious D in The Pick of Destiny,6.8
One Last Shot,6.8
Penguin Bloom,6.8
Kodachrome,6.8
Sofía Niño de Rivera: Natural Selection,6.8
Bon Cop Bad Cop,6.8
The Exception,6.8
Chup Chup Ke,6.8
Melvin Goes to Dinner,6.8
I’m No Longer Here: A Conversation with Guillermo Del Toro & Alfonso Cuarón,6.8
Wildlife,6.8
Quartet,6.8
Q Ball,6.8
Raees,6.8
The Outpost,6.8
Tanu Weds Manu,6.8
Becoming,6.8
Mary Kom,6.8
Mr. Peabody & Sherman,6.8
Dark Waters,6.8
Hillbilly Elegy,6.8
Dying to Tell,6.8
50 First Dates,6.8
Saheb Biwi Aur Gangster Returns,6.8
Brij Mohan Amar Rahe!,6.8
Bleed for This,6.8
All Dogs Go to Heaven,6.8
Edge of Seventeen,6.8
Out of Life,6.8
Serious Men,6.8
High Strung Free Dance,6.8
The Lighthouse of the Orcas,6.8
Nila,6.8
Ujala,6.8
Mere Pyare Prime Minister,6.8
Toc Toc,6.8
Paskal: The Movie,6.8
Waiting...,6.8
Power of Grayskull: The Definitive History of He-Man and the Masters of the Universe,6.8
Middle Men,6.8
Calibre,6.8
For Here or to Go?,6.8
Todd Barry: Spicy Honey,6.8
Felipe Esparza: They're Not Gonna Laugh At You,6.8
Our Shining Days,6.8
Arjun: The Warrior Prince,6.8
She Did That,6.7
Counterpunch,6.7
Making the Witcher,6.7
Justine,6.7
18 Presents,6.7
Mariposa,6.7
Jen Kirkman: Just Keep Livin'?,6.7
MFKZ,6.7
Atlantics,6.7
Om Shanti Om,6.7
HiGH&LOW THE WORST,6.7
Jerry Seinfeld: 23 Hours to Kill,6.7
Tig Notaro: Happy To Be Here,6.7
I Am Mother,6.7
Afonso Padilha: Classless,6.7
Jewel's Catch One,6.7
The Outsider,6.7
The Flying Guillotine,6.7
Behind the Curtain: Todrick Hall,6.7
Sam Kinison: Family Entertainment Hour,6.7
Amrapali,6.7
Bombay Talkies,6.7
Banana Island Ghost,6.7
Heritages,6.7
Rory Scovel Tries Stand-Up for the First Time,6.7
The Letter Reader,6.7
Carrie Pilby,6.7
Race,6.7
Tortilla Soup,6.7
The Photographer of Mauthausen,6.7
Mother,6.7
The Emigrant,6.7
Brave Blue World: Racing to Solve Our Water Crisis,6.7
Maz Jobrani: Immigrant,6.7
Go Buster!,6.7
Sam Kinison: Live in Vegas,6.7
Merry Men 2: Another Mission,6.7
Larry The Cable Guy: Remain Seated,6.7
Hardcore Henry,6.7
Weeds on Fire,6.7
Pareeth Pandari,6.7
Exes Baggage,6.7
Outside In,6.7
Limitless,6.7
"Bikram: Yogi, Guru, Predator",6.7
Moxie,6.7
Naruto the Movie: Ninja Clash in the Land of Snow,6.7
Phobia 2,6.7
Jeff Dunham: Unhinged in Hollywood,6.7
Froning: The Fittest Man In History,6.7
Tallulah,6.7
Jatt James Bond,6.7
Giant,6.7
Tiffany Haddish: She Ready! From the Hood to Hollywood!,6.7
A Whisker Away,6.7
Aziz Ansari: Live at Madison Square Garden,6.7
100 Days of Loneliness,6.7
A Beautiful Life,6.7
Imperial Dreams,6.7
Extraction,6.7
Little Miss Sumo,6.7
The B-Side: Elsa Dorfman's Portrait Photography,6.7
Dabbe: Cin Çarpması,6.7
Friendship,6.7
Katt Williams: American Hustle,6.7
Birdshot,6.7
The Kindergarten Teacher,6.7
"Michael Bolton's Big, Sexy Valentine's Day Special",6.7
Penguins of Madagascar,6.7
There's Something in the Water,6.7
Pihu,6.7
Beirut oh Beirut,6.7
Brother,6.7
Angels & Demons,6.7
Tony Robbins: I Am Not Your Guru,6.7
Wish I Was Here,6.7
Willy and the Guardians of the Lake,6.7
Minimalism: A Documentary About the Important Things,6.7
It Takes a Man and a Woman,6.7
Pandora,6.7
Hope Frozen: A Quest to Live Twice,6.7
Teen Aur Aadha,6.7
Malcolm & Marie,6.7
Public Works,6.7
The Chosen Ones,6.7
Bon Cop Bad Cop 2,6.7
One in a Billion,6.7
Flavors of Youth,6.6
Fanatyk,6.6
Accident,6.6
Forensic,6.6
The Chase,6.6
Ainu Mosir,6.6
Freak Show,6.6
Kursk,6.6
I'll Sleep When I'm Dead,6.6
The Lion Woman,6.6
Jindua,6.6
Black or White,6.6
Operation Finale,6.6
Chamatkar,6.6
You Are My Home,6.6
The Most Unknown,6.6
A Go! Go! Cory Carson Christmas,6.6
Naruto the Movie: Legend of the Stone of Gelel,6.6
"Extremely Wicked, Shockingly Evil and Vile",6.6
Connected,6.6
Goyo: The Boy General,6.6
Russell Peters: Almost Famous,6.6
Luv Shuv Tey Chicken Khurana,6.6
Zozo,6.6
Iron Fists and Kung Fu Kicks,6.6
The Da Vinci Code,6.6
Mau Nieto: viviendo sobrio… desde el bar,6.6
Puriyaatha Puthir,6.6
Joy,6.6
Running Shaadi,6.6
Quantum of Solace,6.6
Iliza Shlesinger: Confirmed Kills,6.6
Modest Heroes,6.6
The Ottoman Lieutenant,6.6
Peace Haven,6.6
The Reconquest,6.6
Blind Date,6.6
D.L. Hughley: Contrarian,6.6
The Right One,6.6
"Crack: Cocaine, Corruption & Conspiracy",6.6
Hakkunde,6.6
Nibunan,6.6
My True Friend,6.6
Chris D'Elia: Man on Fire,6.6
The Black Prince,6.6
The Grandmaster,6.6
Bluffmaster!,6.6
Eye for an Eye,6.6
Romeo Akbar Walter,6.6
Lifeline,6.6
Consequences,6.6
Spyder,6.6
Saavat,6.6
Liss Pereira: Renteniendo Liquidos,6.6
Madagascar: Escape 2 Africa,6.6
100% Halal,6.6
Layla M.,6.6
Pari,6.6
Chalte Chalte,6.6
Adrift,6.6
The Red Sea Diving Resort,6.6
Def Comedy Jam 25,6.6
The Polar Express,6.6
The Angel,6.6
Octonauts and the Caves of Sac Actun,6.6
The Crimes That Bind,6.6
I Am Woman,6.6
Craig Ferguson: Tickle Fight,6.6
Joan Rivers: Don't Start with Me,6.6
Blessed Benefit,6.6
Enola Holmes,6.6
Puss in Boots,6.6
Crazy About Her,6.6
This Earth of Mankind,6.6
Brain on Fire,6.6
Derren Brown: Miracle,6.6
